node_id,parent_id,confidence,x,y,z,radius,creator_id,edition_time,cell_name,is_vnode
25533834,25533833.0,5.0,5080.15,2502.07,1420.0,-1.0,99.0,1767939063.0,BDUL,False
25533833,25533832.0,5.0,5075.35,2526.07,1421.0,-1.0,99.0,1767939063.0,BDUL,False
25533832,25533831.0,5.0,5044.95,2534.07,1422.0,-1.0,99.0,1767939063.0,BDUL,False
25533831,25533830.0,5.0,5027.35,2542.07,1423.0,-1.0,99.0,1767939063.0,BDUL,False
25533830,25533835.0,5.0,5024.15,2569.27,1424.0,-1.0,99.0,1767939063.0,BDUL,False
25533835,25533836.0,5.0,5020.95,2599.67,1425.0,-1.0,99.0,1767939063.0,BDUL,False
25533836,25533837.0,5.0,5019.35,2639.67,1426.0,-1.0,99.0,1767939063.0,BDUL,False
25533837,25533838.0,5.0,4993.75,2642.87,1427.0,-1.0,99.0,1767939063.0,BDUL,False
25533838,25533839.0,5.0,5006.55,2666.87,1428.0,-1.0,99.0,1767939063.0,BDUL,False
25533847,25533846.0,5.0,5337.75,2929.27,1429.0,-1.0,99.0,1767939063.0,BDUL,False
25533839,25533840.0,5.0,5000.15,2668.47,1429.0,-1.0,99.0,1767939063.0,BDUL,False
25533840,25533841.0,5.0,5032.15,2690.87,1430.0,-1.0,99.0,1767939063.0,BDUL,False
25533846,25533845.0,5.0,5350.55,2898.87,1430.0,-1.0,99.0,1767939063.0,BDUL,False
25501987,25501986.0,5.0,4922.85,3039.7,1431.0,-1.0,128.0,1764176127.0,BDUR,False
25533841,25533842.0,5.0,5121.75,2742.07,1431.0,-1.0,99.0,1767939063.0,BDUL,False
25533845,25533815.0,5.0,5340.95,2862.07,1431.0,-1.0,99.0,1767939063.0,BDUL,False
25501986,25501975.0,5.0,4932.85,3013.7,1432.0,-1.0,128.0,1764176126.0,BDUR,False
25533844,25533845.0,5.0,5340.95,2830.07,1432.0,-1.0,99.0,1767939063.0,BDUL,False
25533815,25533814.0,5.0,5486.6,3026.8,1432.0,-1.0,99.0,1767938966.0,BDUL,False
25533842,25533844.0,5.0,5267.35,2766.07,1432.0,-1.0,99.0,1767939063.0,BDUL,False
25533814,25533813.0,5.0,5537.8,3054.0,1433.0,-1.0,99.0,1767938966.0,BDUL,False
25533843,25533842.0,5.0,5289.75,2762.87,1433.0,-1.0,99.0,1767939063.0,BDUL,False
25501975,25501974.0,5.0,4919.605,3029.765,1433.0,-1.0,128.0,1767681738.0,BDUR,False
25533813,25533812.0,5.0,5558.6,3084.4,1434.0,-1.0,99.0,1767938966.0,BDUL,False
25501974,25501934.0,5.0,5020.85,3181.7,1434.0,-1.0,128.0,1764175498.0,BDUR,False
25501932,,5.0,4508.015,3065.51,1435.0,-1.0,128.0,1769663783.0,BDUR,False
25501934,25501933.0,5.0,5026.85,3181.7,1435.0,-1.0,128.0,1764175343.0,BDUR,False
25533812,25533811.0,5.0,5561.8,3116.4,1435.0,-1.0,99.0,1767938966.0,BDUL,False
25501933,25501932.0,5.0,4628.85,3059.7,1436.0,-1.0,128.0,1764175341.0,BDUR,False
25501976,25501934.0,5.0,5072.85,3205.7,1436.0,-1.0,128.0,1764175528.0,BDUR,False
25533811,25533810.0,5.0,5597.0,3146.8,1436.0,-1.0,99.0,1767938966.0,BDUL,False
25501977,25501976.0,5.0,5292.85,3273.7,1437.0,-1.0,128.0,1764175533.0,BDUR,False
25533810,25533809.0,5.0,5624.2,3172.4,1437.0,-1.0,99.0,1767938966.0,BDUL,False
25501935,25501933.0,5.0,4748.85,3059.7,1437.0,-1.0,128.0,1764175352.0,BDUR,False
25501978,25501977.0,5.0,5324.85,3323.7,1438.0,-1.0,128.0,1764175539.0,BDUR,False
25533809,v_25533809_1439,5.0,5624.2,3198.0,1438.0,-1.0,99.0,1767938966.0,BDUL,False
25501936,25501935.0,5.0,4582.85,3067.7,1438.0,-1.0,128.0,1764175363.0,BDUR,False
v_25533809_1439,25469504.0,,5647.1,3223.895,1439.0,,,,BDUL,True
25501937,25501936.0,5.0,4590.85,3059.7,1439.0,-1.0,128.0,1764175366.0,BDUR,False
25501979,25501978.0,5.0,5374.85,3369.7,1439.0,-1.0,128.0,1764175540.0,BDUR,False
25501989,25501988.0,5.0,5512.85,3557.7,1439.0,-1.0,128.0,1764176141.0,BDUR,False
25501938,25501937.0,5.0,4534.85,3061.7,1440.0,-1.0,128.0,1764175367.0,BDUR,False
25501988,25501983.0,5.0,5522.85,3583.7,1440.0,-1.0,128.0,1764176140.0,BDUR,False
25501980,25501979.0,5.0,5374.85,3369.7,1440.0,-1.0,128.0,1764175541.0,BDUR,False
25469504,,5.0,5670.0,3249.79,1440.0,-1.0,128.0,1767584972.0,BDUL,False
25501939,25501938.0,5.0,4368.85,3065.7,1441.0,-1.0,128.0,1764175372.0,BDUR,False
25501983,25501982.0,5.0,5514.85,3577.7,1441.0,-1.0,128.0,1764175545.0,BDUR,False
25501981,25501980.0,5.0,5372.85,3387.7,1441.0,-1.0,128.0,1764175542.0,BDUR,False
25469505,25469504.0,5.0,5691.0,3276.2,1441.0,-1.0,128.0,1767584972.0,BDUL,False
25476854,25469505.0,5.0,5689.0,3266.2,1442.0,-1.0,128.0,1767584972.0,BDUL,False
25501982,25501981.0,5.0,5502.85,3459.7,1442.0,-1.0,128.0,1764175544.0,BDUR,False
25501940,25501939.0,5.0,4306.85,3025.7,1442.0,-1.0,128.0,1764175376.0,BDUR,False
25501941,25501940.0,5.0,4216.155,2988.26,1443.0,-1.0,128.0,1769660702.0,BDUR,False
v_25476855_1443,25476854.0,,5677.0,3279.7,1443.0,,,,BDUL,True
25501990,25501982.0,5.0,5492.85,3519.7,1443.0,-1.0,128.0,1764176176.0,BDUR,False
25501942,25501941.0,5.0,4198.85,2931.7,1444.0,-1.0,128.0,1764175381.0,BDUR,False
25501991,25501990.0,5.0,5526.85,3557.7,1444.0,-1.0,128.0,1764176177.0,BDUR,False
25476855,v_25476855_1443,5.0,5673.0,3284.2,1444.0,-1.0,128.0,1767584972.0,BDUL,False
v_25501992_1445,25501991.0,,5496.85,3557.7,1445.0,,,,BDUR,True
25558159,25501942.0,5.0,4192.21,2909.7,1445.0,-1.0,128.0,1771430144.0,BDUR,False
25476856,25476855.0,5.0,5657.0,3306.2,1445.0,-1.0,128.0,1767584972.0,BDUL,False
25476857,25476856.0,5.0,5661.0,3322.2,1446.0,-1.0,128.0,1767584972.0,BDUL,False
25501992,v_25501992_1445,5.0,5486.85,3557.7,1446.0,-1.0,128.0,1764176178.0,BDUR,False
25501943,25558159.0,5.0,4185.57,2887.7,1446.0,-1.0,128.0,1771430144.0,BDUR,False
v_25476858_1447,25476857.0,,5662.5,3371.7,1447.0,,,,BDUL,True
v_25501944_1447,25501943.0,,4138.530000000001,2946.2,1447.0,,,,BDUR,True
v_25501993_1447,25501992.0,,5492.85,3548.1,1447.0,,,,BDUR,True
25501944,v_25501944_1447,5.0,4122.85,2965.7,1448.0,-1.0,128.0,1764175383.0,BDUR,False
v_25501993_1448,v_25501993_1448,,5494.85,3544.9,1448.0,,,,BDUR,True
25476858,v_25476858_1447,5.0,5663.0,3388.2,1448.0,-1.0,128.0,1767584972.0,BDUL,False
25501945,25501944.0,5.0,3748.85,3151.7,1449.0,-1.0,128.0,1764175388.0,BDUR,False
25501946,25501944.0,5.0,4130.85,2951.7,1449.0,-1.0,128.0,1764175390.0,BDUR,False
25501993,v_25501993_1447,5.0,5496.85,3541.7,1449.0,-1.0,128.0,1764176178.0,BDUR,False
v_25476859_1449,25476858.0,,5649.5,3430.2,1449.0,,,,BDUL,True
25559796,25501993.0,5.0,5471.8,3534.95,1450.0,-1.0,128.0,1779989244.0,BDUR,False
25476859,v_25476859_1449,5.0,5645.0,3444.2,1450.0,-1.0,128.0,1767584972.0,BDUL,False
25501984,25501946.0,5.0,4142.85,2937.7,1450.0,-1.0,128.0,1764176109.0,BDUR,False
25501947,25501945.0,5.0,3698.85,3163.7,1450.0,-1.0,128.0,1764175393.0,BDUR,False
25501994,25559796.0,5.0,5474.85,3575.7,1451.0,-1.0,128.0,1779989244.0,BDUR,False
25501948,25501947.0,5.0,3674.85,3165.7,1451.0,-1.0,128.0,1764175395.0,BDUR,False
25476860,25476859.0,5.0,5633.0,3464.2,1451.0,-1.0,128.0,1767584972.0,BDUL,False
25501985,25501984.0,5.0,4138.85,2911.7,1451.0,-1.0,128.0,1764176110.0,BDUR,False
v_25501995_1452,25501994.0,,5487.85,3574.7,1452.0,,,,BDUR,True
25501949,25501948.0,5.0,3664.85,3173.7,1452.0,-1.0,128.0,1764175398.0,BDUR,False
25476861,25476860.0,5.0,5637.0,3508.2,1452.0,-1.0,128.0,1767584972.0,BDUL,False
v_25501995_1453,v_25501995_1454,,5492.183333333333,3574.3666666666663,1453.0,,,,BDUR,True
v_25476862_1453,25476861.0,,5627.4,3613.8,1453.0,,,,BDUL,True
25501950,25501949.0,5.0,3640.85,3179.7,1453.0,-1.0,128.0,1764175399.0,BDUR,False
25501952,25501951.0,5.0,3444.85,3291.7,1454.0,-1.0,128.0,1764175409.0,BDUR,False
v_25476862_1454,v_25476862_1454,,5624.2,3649.0,1454.0,,,,BDUL,True
v_25501951_1454,25501950.0,,3585.35,3193.2,1454.0,,,,BDUR,True
v_25501995_1454,v_25501995_1453,,5496.516666666667,3574.0333333333333,1454.0,,,,BDUR,True
25476862,v_25476862_1453,5.0,5621.0,3684.2,1455.0,-1.0,128.0,1767584972.0,BDUL,False
25501995,v_25501995_1452,5.0,5500.85,3573.7,1455.0,-1.0,128.0,1764176181.0,BDUR,False
25501951,v_25501951_1454,5.0,3566.85,3197.7,1455.0,-1.0,128.0,1764175408.0,BDUR,False
v_25501996_1456,25501995.0,,5526.85,3584.7,1456.0,,,,BDUR,True
25476863,25476862.0,5.0,5613.0,3756.2,1456.0,-1.0,128.0,1767584972.0,BDUL,False
25501953,25501951.0,5.0,3532.85,3211.7,1456.0,-1.0,128.0,1764175412.0,BDUR,False
v_25501996_1457,v_25501996_1458,,5535.516666666667,3588.3666666666663,1457.0,,,,BDUR,True
v_25476864_1457,25476863.0,,5623.5,3811.7,1457.0,,,,BDUL,True
25501954,25501953.0,5.0,3504.35,3241.7,1457.0,-1.0,128.0,1769708883.0,BDUR,False
v_25501996_1458,v_25501996_1457,,5544.183333333333,3592.0333333333333,1458.0,,,,BDUR,True
25476864,v_25476864_1457,5.0,5627.0,3830.2,1458.0,-1.0,128.0,1767584972.0,BDUL,False
25501955,25501954.0,5.0,3490.85,3249.7,1458.0,-1.0,128.0,1764175414.0,BDUR,False
25554396,25501955.0,5.0,3475.85,3255.7,1459.0,-1.0,128.0,1769708845.0,BDUR,False
25501996,v_25501996_1456,5.0,5552.85,3595.7,1459.0,-1.0,128.0,1764176182.0,BDUR,False
v_25476865_1459,25476864.0,,5622.5,3851.2,1459.0,,,,BDUL,True
25476865,v_25476865_1459,5.0,5621.0,3858.2,1460.0,-1.0,128.0,1767584972.0,BDUL,False
25501997,25501996.0,5.0,5548.85,3665.7,1460.0,-1.0,128.0,1764176185.0,BDUR,False
25501956,25554396.0,5.0,3460.85,3261.7,1460.0,-1.0,128.0,1769708845.0,BDUR,False
v_25476866_1461,25476865.0,,5622.5,3888.2,1461.0,,,,BDUL,True
25501957,25501956.0,5.0,3444.85,3261.7,1461.0,-1.0,128.0,1764175416.0,BDUR,False
25501998,25501997.0,5.0,5558.85,3675.7,1461.0,-1.0,128.0,1764176186.0,BDUR,False
25501958,25501957.0,5.0,3404.85,3265.7,1462.0,-1.0,128.0,1764175416.0,BDUR,False
25476866,v_25476866_1461,5.0,5623.0,3898.2,1462.0,-1.0,128.0,1767584972.0,BDUL,False
25501999,25501998.0,5.0,5574.85,3735.7,1462.0,-1.0,128.0,1764176187.0,BDUR,False
v_25501959_1463,25501958.0,,3404.85,3265.7,1463.0,,,,BDUR,True
25502000,25501999.0,5.0,5574.85,3763.7,1463.0,-1.0,128.0,1764176188.0,BDUR,False
25476867,25476866.0,5.0,5657.0,4036.2,1463.0,-1.0,128.0,1767584972.0,BDUL,False
25476868,25476867.0,5.0,5663.0,4070.2,1464.0,-1.0,128.0,1767584972.0,BDUL,False
25501959,v_25501959_1463,5.0,3404.85,3265.7,1464.0,-1.0,128.0,1764175418.0,BDUR,False
25502001,25502000.0,5.0,5598.85,3769.7,1464.0,-1.0,128.0,1764176189.0,BDUR,False
25502002,25502001.0,5.0,5614.85,3827.7,1465.0,-1.0,128.0,1764176190.0,BDUR,False
v_25501960_1465,25501959.0,,3380.85,3273.2,1465.0,,,,BDUR,True
v_25476869_1465,25476868.0,,5680.25,4127.96125,1465.0,,,,BDUL,True
25502003,25502002.0,5.0,5626.85,3837.7,1466.0,-1.0,128.0,1764176191.0,BDUR,False
25501960,v_25501960_1465,5.0,3372.85,3275.7,1466.0,-1.0,128.0,1764175419.0,BDUR,False
25476869,v_25476869_1465,5.0,5686.0,4147.215,1466.0,-1.0,128.0,1767938926.0,BDUL,False
v_25501961_1467,25501960.0,,3378.85,3281.7,1467.0,,,,BDUR,True
v_25502004_1467,25502003.0,,5631.35,3887.2,1467.0,,,,BDUR,True
v_25476870_1467,25476869.0,,5677.0,4207.806,1467.0,,,,BDUL,True
25501961,v_25501961_1467,5.0,3380.85,3283.7,1468.0,-1.0,128.0,1764175419.0,BDUR,False
25502004,v_25502004_1467,5.0,5632.85,3903.7,1468.0,-1.0,128.0,1764176192.0,BDUR,False
v_25476870_1468,v_25476870_1468,,5674.0,4228.003,1468.0,,,,BDUL,True
25502005,25502004.0,5.0,5660.85,3983.7,1469.0,-1.0,128.0,1764176193.0,BDUR,False
v_25501962_1469,25501961.0,,3355.575,3312.875,1469.0,,,,BDUR,True
25476870,v_25476870_1467,5.0,5671.0,4248.2,1469.0,-1.0,128.0,1767584972.0,BDUL,False
25554401,25476870.0,5.0,5673.65,4278.2,1470.0,-1.0,128.0,1769709052.0,BDUL,False
25502006,25502005.0,5.0,5689.85,4032.7,1470.0,-1.0,128.0,1769709054.0,BDUR,False
25501962,v_25501962_1469,5.0,3347.15,3322.6,1470.0,-1.0,128.0,1766178315.0,BDUR,False
25502007,25502006.0,5.0,5718.85,4081.7,1471.0,-1.0,128.0,1764176195.0,BDUR,False
v_25501963_1471,25501962.0,,3340.925,3342.925,1471.0,,,,BDUR,True
v_25476871_1471,25554401.0,,5677.6625,4323.2,1471.0,,,,BDUL,True
25502008,25502007.0,5.0,5732.85,4085.7,1472.0,-1.0,128.0,1764176196.0,BDUR,False
25476871,v_25476871_1471,5.0,5679.0,4338.2,1472.0,-1.0,128.0,1769709052.0,BDUL,False
25501963,v_25501963_1471,5.0,3338.85,3349.7,1472.0,-1.0,128.0,1764175423.0,BDUR,False
v_25476872_1473,25476871.0,,5668.2,4370.599999999999,1473.0,,,,BDUL,True
v_25501964_1473,25501963.0,,3319.35,3363.2,1473.0,,,,BDUR,True
v_25502009_1473,25502008.0,,5750.85,4118.099999999999,1473.0,,,,BDUR,True
v_25502009_1474,v_25502009_1474,,5756.85,4128.9,1474.0,,,,BDUR,True
25501964,v_25501964_1473,5.0,3312.85,3367.7,1474.0,-1.0,128.0,1764175424.0,BDUR,False
v_25476872_1474,v_25476872_1474,,5664.6,4381.4,1474.0,,,,BDUL,True
25502009,v_25502009_1473,5.0,5762.85,4139.7,1475.0,-1.0,128.0,1764176197.0,BDUR,False
25476872,v_25476872_1473,5.0,5661.0,4392.2,1475.0,-1.0,128.0,1767584972.0,BDUL,False
v_25501965_1475,25501964.0,,3294.85,3399.2,1475.0,,,,BDUR,True
25501965,v_25501965_1475,5.0,3288.85,3409.7,1476.0,-1.0,128.0,1764175425.0,BDUR,False
25502010,25502009.0,5.0,5782.85,4223.7,1476.0,-1.0,128.0,1764176200.0,BDUR,False
25476873,25476872.0,5.0,5613.0,4516.2,1476.0,-1.0,128.0,1767584972.0,BDUL,False
25476874,25476873.0,5.0,5584.0,4585.215,1477.0,-1.0,128.0,1767938882.0,BDUL,False
25502011,25502010.0,5.0,5768.85,4239.7,1477.0,-1.0,128.0,1764176201.0,BDUR,False
25501966,25501965.0,5.0,3260.85,3473.7,1477.0,-1.0,128.0,1764175454.0,BDUR,False
25476875,25476874.0,5.0,5569.0,4664.2,1478.0,-1.0,128.0,1767584972.0,BDUL,False
25502012,25502011.0,5.0,5774.85,4271.7,1478.0,-1.0,128.0,1764176202.0,BDUR,False
25501967,25501966.0,5.0,3258.85,3525.7,1478.0,-1.0,128.0,1764175455.0,BDUR,False
25501968,25501967.0,5.0,3248.85,3551.7,1479.0,-1.0,128.0,1764175457.0,BDUR,False
25534576,25502012.0,5.0,5860.8,4428.55,1479.0,-1.0,99.0,1767810231.0,BDUR,False
25476876,25476875.0,5.0,5567.0,4686.2,1479.0,-1.0,128.0,1767584972.0,BDUL,False
25501969,25501968.0,5.0,3244.85,3555.7,1480.0,-1.0,128.0,1764175458.0,BDUR,False
25472187,25534576.0,3.0,5910.0,4483.75,1480.0,-1.0,128.0,1767810238.0,BDUR,False
25476877,25476876.0,5.0,5549.0,4742.2,1480.0,-1.0,128.0,1767584972.0,BDUL,False
25476878,25476877.0,5.0,5547.0,4758.2,1481.0,-1.0,128.0,1767584972.0,BDUL,False
25501970,25501969.0,5.0,3234.85,3581.7,1481.0,-1.0,128.0,1764175459.0,BDUR,False
v_25472188_1481,25472187.0,,5941.5,4512.25,1481.0,,,,BDUR,True
25501971,25501970.0,5.0,3206.85,3639.7,1482.0,-1.0,128.0,1764175461.0,BDUR,False
25472188,v_25472188_1481,5.0,5952.0,4521.75,1482.0,-1.0,128.0,1767810236.0,BDUR,False
v_25476879_1482,25476878.0,,5547.0,4812.2,1482.0,,,,BDUL,True
25554393,25501971.0,5.0,3211.85,3662.7,1483.0,-1.0,128.0,1769708806.0,BDUR,False
25472189,25472188.0,5.0,5964.0,4527.75,1483.0,-1.0,128.0,1767810236.0,BDUR,False
25476879,v_25476879_1482,5.0,5547.0,4830.2,1483.0,-1.0,128.0,1767584972.0,BDUL,False
v_25472190_1484,25472189.0,,5964.0,4541.25,1484.0,,,,BDUR,True
25476880,25476879.0,5.0,5549.0,4852.2,1484.0,-1.0,128.0,1767584972.0,BDUL,False
25501972,25554393.0,5.0,3216.85,3685.7,1484.0,-1.0,128.0,1769708806.0,BDUR,False
25472190,v_25472190_1484,5.0,5964.0,4545.75,1485.0,-1.0,128.0,1767810236.0,BDUR,False
v_25501973_1485,25501972.0,,3249.85,3760.7,1485.0,,,,BDUR,True
v_25476881_1485,25476880.0,,5544.5,4858.2,1485.0,,,,BDUL,True
25472191,25472190.0,5.0,5980.0,4547.75,1486.0,-1.0,128.0,1767810236.0,BDUR,False
25501973,v_25501973_1485,5.0,3260.85,3785.7,1486.0,-1.0,128.0,1764175463.0,BDUR,False
25476881,v_25476881_1485,5.0,5543.0,4860.2,1486.0,-1.0,128.0,1767584972.0,BDUL,False
v_25476882_1487,25476881.0,,5535.5,4882.7,1487.0,,,,BDUL,True
25502051,25501973.0,5.0,3258.85,3803.7,1487.0,-1.0,128.0,1764176719.0,BDUR,False
25472192,25472191.0,5.0,5996.0,4587.75,1487.0,-1.0,128.0,1767810236.0,BDUR,False
25476882,v_25476882_1487,5.0,5533.0,4890.2,1488.0,-1.0,128.0,1767584972.0,BDUL,False
25472193,25472192.0,5.0,6020.85,4627.7,1488.0,-1.0,128.0,1769708169.0,BDUR,False
25502050,25502051.0,5.0,3284.85,3859.7,1488.0,-1.0,128.0,1764176719.0,BDUR,False
v_25476883_1489,25476882.0,,5534.5,4909.7,1489.0,,,,BDUL,True
25472194,25472193.0,5.0,6058.0,4696.75,1489.0,-1.0,128.0,1767810236.0,BDUR,False
25502049,25502050.0,5.0,3344.85,3889.7,1489.0,-1.0,128.0,1764176719.0,BDUR,False
25502048,25502049.0,5.0,3344.85,3889.7,1490.0,-1.0,128.0,1764176719.0,BDUR,False
25476883,v_25476883_1489,5.0,5535.0,4916.2,1490.0,-1.0,128.0,1767584972.0,BDUL,False
25472195,25472194.0,5.0,6078.0,4713.75,1490.0,-1.0,128.0,1767810236.0,BDUR,False
25472197,25472196.0,5.0,6312.0,4783.75,1490.0,-1.0,128.0,1767810236.0,BDUR,False
25472196,25472195.0,5.0,6192.0,4753.75,1491.0,-1.0,128.0,1767810236.0,BDUR,False
25502047,25502048.0,5.0,3344.85,3967.7,1491.0,-1.0,128.0,1764176719.0,BDUR,False
25476884,25476883.0,5.0,5555.0,4924.2,1491.0,-1.0,128.0,1767584972.0,BDUL,False
25476885,25476884.0,5.0,5553.0,4938.2,1492.0,-1.0,128.0,1767584972.0,BDUL,False
25502046,25502047.0,5.0,3306.85,4045.7,1492.0,-1.0,128.0,1764176719.0,BDUR,False
25533238,25502046.0,5.0,3272.2,4451.6,1492.0,-1.0,99.0,1767723934.0,BDUR,False
25472198,25472196.0,5.0,6216.0,4753.75,1492.0,-1.0,128.0,1767810236.0,BDUR,False
25533237,25533238.0,5.0,3257.8,4654.8,1493.0,-1.0,99.0,1767723940.0,BDUR,False
25554407,25472198.0,5.0,6237.0,4770.75,1493.0,-1.0,128.0,1769709234.0,BDUR,False
25502045,25502046.0,5.0,3344.85,4015.7,1493.0,-1.0,128.0,1764176719.0,BDUR,False
25476886,25476885.0,5.0,5577.0,4994.2,1493.0,-1.0,128.0,1767584972.0,BDUL,False
25476887,25476886.0,5.0,5599.0,5022.2,1494.0,-1.0,128.0,1767584972.0,BDUL,False
25502052,25502045.0,5.0,3362.85,3997.7,1494.0,-1.0,128.0,1764176764.0,BDUR,False
25502305,25533237.0,5.0,3270.85,4765.7,1494.0,-1.0,128.0,1767723940.0,BDUR,False
25554408,25554407.0,5.0,6269.0,4790.75,1494.0,-1.0,128.0,1769709238.0,BDUR,False
25476933,25476932.0,5.0,5770.0,5380.2,1495.0,-1.0,128.0,1767584972.0,BDUL,False
25476888,25476887.0,5.0,5591.0,5040.2,1495.0,-1.0,128.0,1767584972.0,BDUL,False
25502306,25502305.0,5.0,3258.85,4819.7,1495.0,-1.0,128.0,1767723940.0,BDUR,False
25554404,25502052.0,5.0,3358.85,3997.7,1495.0,-1.0,128.0,1769709113.0,BDUR,False
25502053,25554404.0,5.0,3354.85,3997.7,1496.0,-1.0,128.0,1769709113.0,BDUR,False
25502307,25502306.0,5.0,3246.85,4853.7,1496.0,-1.0,128.0,1767723940.0,BDUR,False
25476932,25476892.0,5.0,5768.0,5374.2,1496.0,-1.0,128.0,1767584972.0,BDUL,False
25476889,25476888.0,5.0,5605.0,5052.2,1496.0,-1.0,128.0,1767584972.0,BDUL,False
25555549,25502053.0,5.0,3353.52,3985.7,1497.0,-1.0,128.0,1769800110.0,BDUR,False
25502308,25502307.0,5.0,3246.85,4853.7,1497.0,-1.0,128.0,1767723940.0,BDUR,False
25476890,25476889.0,5.0,5639.0,5044.2,1497.0,-1.0,128.0,1767584972.0,BDUL,False
25476892,25476891.0,5.0,5785.0,5354.2,1497.0,-1.0,128.0,1767584972.0,BDUL,False
25476891,25476890.0,5.0,5733.0,5262.2,1498.0,-1.0,128.0,1767584972.0,BDUL,False
v_25502309_1498,25502308.0,,3228.85,4880.7,1498.0,,,,BDUR,True
25555546,25555549.0,5.0,3352.185,3973.7,1498.0,-1.0,128.0,1769800110.0,BDUR,False
25535722,25476891.0,5.0,5736.0,5277.2,1499.0,-1.0,128.0,1767938831.0,BDUL,False
25502309,v_25502309_1498,5.0,3222.85,4889.7,1499.0,-1.0,128.0,1767723940.0,BDUR,False
25502054,25555546.0,5.0,3350.85,3961.7,1499.0,-1.0,128.0,1769800077.0,BDUR,False
25476893,25535722.0,5.0,5731.0,5302.2,1500.0,-1.0,128.0,1767938831.0,BDUL,False
25502310,25502309.0,5.0,3206.85,4921.7,1500.0,-1.0,128.0,1767723940.0,BDUR,False
25502055,25502054.0,5.0,3346.85,3923.7,1500.0,-1.0,128.0,1764176767.0,BDUR,False
v_25476894_1501,25476893.0,,5738.2300000000005,5382.33,1501.0,,,,BDUL,True
v_25502311_1501,25502310.0,,3208.35,4908.2,1501.0,,,,BDUR,True
25502056,25502055.0,5.0,3334.85,3909.7,1501.0,-1.0,128.0,1764176768.0,BDUR,False
v_25476894_1502,v_25476894_1502,,5740.64,5409.04,1502.0,,,,BDUL,True
25502057,25502056.0,5.0,3310.85,3917.7,1502.0,-1.0,128.0,1764176769.0,BDUR,False
25502311,v_25502311_1501,5.0,3208.85,4903.7,1502.0,-1.0,128.0,1767723940.0,BDUR,False
25502312,25502311.0,5.0,3194.85,4917.7,1503.0,-1.0,128.0,1767723940.0,BDUR,False
25476894,v_25476894_1501,5.0,5743.05,5435.75,1503.0,-1.0,128.0,1769775694.0,BDUL,False
25502313,25502312.0,5.0,3184.85,4933.7,1504.0,-1.0,128.0,1767723940.0,BDUR,False
v_25476895_1504,25476894.0,,5737.0125,5445.0875,1504.0,,,,BDUL,True
25476895,v_25476895_1504,5.0,5735.0,5448.2,1505.0,-1.0,128.0,1767584972.0,BDUL,False
25502314,25502313.0,5.0,3200.85,4973.7,1505.0,-1.0,128.0,1767723940.0,BDUR,False
25502315,25502314.0,5.0,3166.85,5073.7,1506.0,-1.0,128.0,1767723940.0,BDUR,False
25476896,25476895.0,5.0,5667.0,5504.2,1506.0,-1.0,128.0,1767584972.0,BDUL,False
25476897,25476896.0,5.0,5665.0,5528.2,1507.0,-1.0,128.0,1767584972.0,BDUL,False
25502316,25502315.0,5.0,3136.85,5125.7,1507.0,-1.0,128.0,1767723940.0,BDUR,False
25502396,25502319.0,5.0,2966.85,5511.7,1507.0,-1.0,128.0,1767723940.0,BDUR,False
25502317,25502316.0,5.0,3130.85,5155.7,1508.0,-1.0,128.0,1767723940.0,BDUR,False
25502319,25502318.0,5.0,2968.85,5459.7,1508.0,-1.0,128.0,1767723940.0,BDUR,False
v_25476898_1508,25476897.0,,5662.0,5534.2,1508.0,,,,BDUL,True
25502318,25502317.0,5.0,3022.85,5353.7,1509.0,-1.0,128.0,1767723940.0,BDUR,False
25476898,v_25476898_1508,5.0,5661.0,5536.2,1509.0,-1.0,128.0,1767584972.0,BDUL,False
25502320,25502318.0,5.0,2996.85,5393.7,1510.0,-1.0,128.0,1767723940.0,BDUR,False
v_25476899_1510,25476898.0,,5661.0,5558.7,1510.0,,,,BDUL,True
v_25502321_1511,25502320.0,,2998.35,5435.7,1511.0,,,,BDUR,True
25476899,v_25476899_1510,5.0,5661.0,5566.2,1511.0,-1.0,128.0,1767584972.0,BDUL,False
v_25476900_1512,25476899.0,,5658.0,5612.7,1512.0,,,,BDUL,True
25502321,v_25502321_1511,5.0,2998.85,5449.7,1512.0,-1.0,128.0,1767723940.0,BDUR,False
25502322,25502321.0,5.0,2980.85,5491.7,1513.0,-1.0,128.0,1767723940.0,BDUR,False
25476900,v_25476900_1512,5.0,5657.0,5628.2,1513.0,-1.0,128.0,1767584972.0,BDUL,False
25502323,25502322.0,5.0,2980.85,5517.7,1514.0,-1.0,128.0,1767723940.0,BDUR,False
v_25476901_1514,25476900.0,,5657.0,5648.599999999999,1514.0,,,,BDUL,True
v_25476901_1515,v_25476901_1515,,5657.0,5655.4,1515.0,,,,BDUL,True
25502324,25502323.0,5.0,3008.85,5597.7,1515.0,-1.0,128.0,1767723940.0,BDUR,False
v_25502325_1516,25502324.0,,3023.85,5662.2,1516.0,,,,BDUR,True
25476901,v_25476901_1514,5.0,5657.0,5662.2,1516.0,-1.0,128.0,1767584972.0,BDUL,False
25476902,25476901.0,5.0,5675.0,5696.2,1517.0,-1.0,128.0,1767584972.0,BDUL,False
25502325,v_25502325_1516,5.0,3028.85,5683.7,1517.0,-1.0,128.0,1767723940.0,BDUR,False
v_25502326_1518,25502325.0,,3027.35,5745.2,1518.0,,,,BDUR,True
25476903,25476902.0,5.0,5703.0,5738.2,1518.0,-1.0,128.0,1767584972.0,BDUL,False
v_25476904_1519,25476903.0,,5701.5,5763.7,1519.0,,,,BDUL,True
25502326,v_25502326_1518,5.0,3026.85,5765.7,1519.0,-1.0,128.0,1767723940.0,BDUR,False
v_25502327_1520,25502326.0,,3017.85,5771.7,1520.0,,,,BDUR,True
25476904,v_25476904_1519,5.0,5701.0,5772.2,1520.0,-1.0,128.0,1767584972.0,BDUL,False
25476906,25476904.0,5.0,5705.0,5776.2,1521.0,-1.0,128.0,1767584972.0,BDUL,False
25502327,v_25502327_1520,5.0,3014.85,5773.7,1521.0,-1.0,128.0,1767723940.0,BDUR,False
25502328,25502327.0,5.0,3000.85,5803.7,1522.0,-1.0,128.0,1767723940.0,BDUR,False
25476934,25476906.0,5.0,5678.0,5914.2,1522.0,-1.0,128.0,1767584972.0,BDUL,False
25502329,25502328.0,5.0,3004.85,5833.7,1523.0,-1.0,128.0,1767723940.0,BDUR,False
25476935,25476934.0,5.0,5674.0,5946.2,1523.0,-1.0,128.0,1767584972.0,BDUL,False
v_25476936_1524,25476935.0,,5657.5,5979.2,1524.0,,,,BDUL,True
25502330,25502329.0,5.0,3026.85,5885.7,1524.0,-1.0,128.0,1767723940.0,BDUR,False
25476936,v_25476936_1524,5.0,5652.0,5990.2,1525.0,-1.0,128.0,1767584972.0,BDUL,False
25502331,25502330.0,5.0,3024.85,5907.7,1525.0,-1.0,128.0,1767723940.0,BDUR,False
25476937,25476936.0,5.0,5670.0,6050.2,1526.0,-1.0,128.0,1767584972.0,BDUL,False
25502332,25502331.0,5.0,3050.85,5963.7,1526.0,-1.0,128.0,1767723940.0,BDUR,False
v_25502333_1527,25502332.0,,3050.85,5962.2,1527.0,,,,BDUR,True
v_25476938_1527,25476937.0,,5673.0,6060.7,1527.0,,,,BDUL,True
25502333,v_25502333_1527,5.0,3050.85,5961.7,1528.0,-1.0,128.0,1767723940.0,BDUR,False
25476938,v_25476938_1527,5.0,5674.0,6064.2,1528.0,-1.0,128.0,1767584972.0,BDUL,False
25502334,25502333.0,5.0,3094.85,6001.7,1529.0,-1.0,128.0,1767723940.0,BDUR,False
v_25476939_1529,25476938.0,,5674.0,6097.2,1529.0,,,,BDUL,True
25476939,v_25476939_1529,5.0,5674.0,6108.2,1530.0,-1.0,128.0,1767584972.0,BDUL,False
25502335,25502334.0,5.0,3146.85,6041.7,1530.0,-1.0,128.0,1767723940.0,BDUR,False
25502336,25502335.0,5.0,3180.85,6095.7,1531.0,-1.0,128.0,1767723940.0,BDUR,False
v_25476940_1531,25476939.0,,5659.0,6130.2,1531.0,,,,BDUL,True
v_25476940_1532,v_25476940_1533,,5654.0,6137.533333333333,1532.0,,,,BDUL,True
25502337,25502336.0,5.0,3182.85,6093.7,1532.0,-1.0,128.0,1767723940.0,BDUR,False
25502338,25502337.0,5.0,3200.85,6093.7,1533.0,-1.0,128.0,1767723940.0,BDUR,False
v_25476940_1533,v_25476940_1532,,5649.0,6144.866666666667,1533.0,,,,BDUL,True
25476940,v_25476940_1531,5.0,5644.0,6152.2,1534.0,-1.0,128.0,1767584972.0,BDUL,False
v_25502339_1534,25502338.0,,3214.35,6113.2,1534.0,,,,BDUR,True
v_25476941_1535,25476940.0,,5627.0,6163.2,1535.0,,,,BDUL,True
25502339,v_25502339_1534,5.0,3218.85,6119.7,1535.0,-1.0,128.0,1767723940.0,BDUR,False
25502340,25502339.0,5.0,3234.85,6127.7,1536.0,-1.0,128.0,1767723940.0,BDUR,False
v_25476941_1536,v_25476941_1537,,5621.333333333333,6166.866666666667,1536.0,,,,BDUL,True
v_25476941_1537,v_25476941_1536,,5615.666666666667,6170.533333333333,1537.0,,,,BDUL,True
25502341,25502340.0,5.0,3246.85,6137.7,1537.0,-1.0,128.0,1767723940.0,BDUR,False
v_25502342_1538,25502341.0,,3240.85,6137.7,1538.0,,,,BDUR,True
25476941,v_25476941_1535,5.0,5610.0,6174.2,1538.0,-1.0,128.0,1767584972.0,BDUL,False
25502342,v_25502342_1538,5.0,3238.85,6137.7,1539.0,-1.0,128.0,1767723940.0,BDUR,False
v_25476942_1539,25476941.0,,5593.0,6192.2,1539.0,,,,BDUL,True
v_25502343_1540,25502342.0,,3252.35,6184.2,1540.0,,,,BDUR,True
v_25476942_1540,v_25476942_1541,,5587.333333333333,6198.2,1540.0,,,,BDUL,True
v_25476942_1541,v_25476942_1540,,5581.666666666667,6204.2,1541.0,,,,BDUL,True
25502343,v_25502343_1540,5.0,3256.85,6199.7,1541.0,-1.0,128.0,1767723940.0,BDUR,False
25502344,25502343.0,5.0,3284.85,6201.7,1542.0,-1.0,128.0,1767723940.0,BDUR,False
25476942,v_25476942_1539,5.0,5576.0,6210.2,1542.0,-1.0,128.0,1767584972.0,BDUL,False
v_25476943_1543,25476942.0,,5552.0,6221.342857142857,1543.0,,,,BDUL,True
v_25502345_1543,25502344.0,,3307.35,6236.2,1543.0,,,,BDUR,True
v_25476943_1544,v_25476943_1546,,5544.0,6225.057142857143,1544.0,,,,BDUL,True
25502345,v_25502345_1543,5.0,3314.85,6247.7,1544.0,-1.0,128.0,1767723940.0,BDUR,False
v_25502346_1545,25502345.0,,3311.85,6261.2,1545.0,,,,BDUR,True
v_25476943_1545,v_25476943_1545,,5536.0,6228.771428571428,1545.0,,,,BDUL,True
v_25476943_1546,v_25476943_1544,,5528.0,6232.4857142857145,1546.0,,,,BDUL,True
25502346,v_25502346_1545,5.0,3310.85,6265.7,1546.0,-1.0,128.0,1767723940.0,BDUR,False
25502347,25502346.0,5.0,3342.85,6311.7,1547.0,-1.0,128.0,1767723940.0,BDUR,False
25476943,v_25476943_1543,5.0,5520.0,6236.2,1547.0,-1.0,128.0,1767584972.0,BDUL,False
25502348,25502347.0,5.0,3344.85,6329.7,1548.0,-1.0,128.0,1767723940.0,BDUR,False
v_25476944_1548,25476943.0,,5506.5,6281.2,1548.0,,,,BDUL,True
25502349,25502348.0,5.0,3412.85,6563.7,1549.0,-1.0,128.0,1767723940.0,BDUR,False
25476944,v_25476944_1548,5.0,5502.0,6296.2,1549.0,-1.0,128.0,1767584972.0,BDUL,False
v_25555493_1550,25476944.0,,5500.012500000001,6315.2125,1550.0,,,,BDUL,True
25502350,25502349.0,5.0,3444.85,6639.7,1550.0,-1.0,128.0,1767723940.0,BDUR,False
25555493,v_25555493_1550,5.0,5499.35,6321.55,1551.0,-1.0,128.0,1769775647.0,BDUL,False
v_25502351_1551,25502350.0,,3443.35,6660.7,1551.0,,,,BDUR,True
25502351,v_25502351_1551,5.0,3442.85,6667.7,1552.0,-1.0,128.0,1767723940.0,BDUR,False
25476945,25555493.0,5.0,5498.0,6334.2,1552.0,-1.0,128.0,1769775647.0,BDUL,False
v_25502352_1553,25502351.0,,3453.85,6683.7,1553.0,,,,BDUR,True
v_25476946_1553,25476945.0,,5483.0,6356.7,1553.0,,,,BDUL,True
v_25502352_1554,v_25502352_1555,,3457.5166666666664,6689.033333333333,1554.0,,,,BDUR,True
25476946,v_25476946_1553,5.0,5478.0,6364.2,1554.0,-1.0,128.0,1767584972.0,BDUL,False
v_25502352_1555,v_25502352_1554,,3461.1833333333334,6694.366666666667,1555.0,,,,BDUR,True
v_25476947_1555,25476946.0,,5454.0,6383.4,1555.0,,,,BDUL,True
25502352,v_25502352_1553,5.0,3464.85,6699.7,1556.0,-1.0,128.0,1767723940.0,BDUR,False
v_25476947_1556,v_25476947_1556,,5446.0,6389.8,1556.0,,,,BDUL,True
25554374,25502352.0,5.0,3481.85,6706.7,1557.0,-1.0,128.0,1769708601.0,BDUR,False
25476947,v_25476947_1555,5.0,5438.0,6396.2,1557.0,-1.0,128.0,1767584972.0,BDUL,False
25502353,25554374.0,5.0,3498.85,6713.7,1558.0,-1.0,128.0,1769708601.0,BDUR,False
25476948,25476947.0,5.0,5460.0,6392.2,1558.0,-1.0,128.0,1767584972.0,BDUL,False
25502354,25502353.0,5.0,3568.85,6765.7,1559.0,-1.0,128.0,1767723940.0,BDUR,False
25476949,25476948.0,5.0,5424.0,6462.2,1559.0,-1.0,128.0,1767584972.0,BDUL,False
v_25502355_1560,25502354.0,,3585.35,6795.7,1560.0,,,,BDUR,True
25476950,25476949.0,5.0,5422.0,6450.2,1560.0,-1.0,128.0,1767584972.0,BDUL,False
25551819,25476950.0,5.0,5422.0,6450.2,1561.0,-1.0,128.0,1769099968.0,BDUL,False
25502355,v_25502355_1560,5.0,3590.85,6805.7,1561.0,-1.0,128.0,1767723940.0,BDUR,False
v_25476951_1562,25551819.0,,5422.0,6450.2,1562.0,,,,BDUL,True
25502356,25502355.0,5.0,3590.85,6805.7,1562.0,-1.0,128.0,1767723940.0,BDUR,False
25502357,25502356.0,5.0,3602.85,6817.7,1563.0,-1.0,128.0,1767723940.0,BDUR,False
25476951,v_25476951_1562,5.0,5422.0,6450.2,1563.0,-1.0,128.0,1769099968.0,BDUL,False
25502358,25502357.0,5.0,3640.85,6837.7,1564.0,-1.0,128.0,1767723940.0,BDUR,False
v_25476952_1564,25476951.0,,5422.0,6453.2,1564.0,,,,BDUL,True
v_25476952_1565,v_25476952_1566,,5422.0,6454.2,1565.0,,,,BDUL,True
v_25502359_1565,25502358.0,,3652.85,6849.7,1565.0,,,,BDUR,True
25502359,v_25502359_1565,5.0,3656.85,6853.7,1566.0,-1.0,128.0,1767723940.0,BDUR,False
v_25476952_1566,v_25476952_1565,,5422.0,6455.2,1566.0,,,,BDUL,True
25476952,v_25476952_1564,5.0,5422.0,6456.2,1567.0,-1.0,128.0,1767584972.0,BDUL,False
v_25502360_1567,25502359.0,,3682.35,6879.2,1567.0,,,,BDUR,True
25502360,v_25502360_1567,5.0,3690.85,6887.7,1568.0,-1.0,128.0,1767723940.0,BDUR,False
v_25476953_1568,25476952.0,,5422.0,6469.4,1568.0,,,,BDUL,True
v_25476953_1569,v_25476953_1569,,5422.0,6473.8,1569.0,,,,BDUL,True
25502361,25502360.0,5.0,3690.85,6887.7,1569.0,-1.0,128.0,1767723940.0,BDUR,False
25554372,25502361.0,5.0,3706.85,6913.7,1570.0,-1.0,128.0,1769708572.0,BDUR,False
25476953,v_25476953_1568,5.0,5422.0,6478.2,1570.0,-1.0,128.0,1767584972.0,BDUL,False
v_25476954_1571,25476953.0,,5409.0,6495.2,1571.0,,,,BDUL,True
25502362,25554372.0,5.0,3722.85,6939.7,1571.0,-1.0,128.0,1769708572.0,BDUR,False
v_25502363_1572,25502362.0,,3722.85,6939.7,1572.0,,,,BDUR,True
v_25476954_1572,v_25476954_1573,,5404.666666666667,6500.866666666667,1572.0,,,,BDUL,True
v_25476954_1573,v_25476954_1572,,5400.333333333333,6506.533333333333,1573.0,,,,BDUL,True
25502363,v_25502363_1572,5.0,3722.85,6939.7,1573.0,-1.0,128.0,1767723940.0,BDUR,False
v_25502364_1574,25502363.0,,3748.05,6964.9,1574.0,,,,BDUR,True
25476954,v_25476954_1571,5.0,5396.0,6512.2,1574.0,-1.0,128.0,1767584972.0,BDUL,False
v_25476955_1575,25476954.0,,5386.4,6524.2,1575.0,,,,BDUL,True
v_25502364_1575,v_25502364_1575,,3756.45,6973.3,1575.0,,,,BDUR,True
25502364,v_25502364_1574,5.0,3764.85,6981.7,1576.0,-1.0,128.0,1767723940.0,BDUR,False
v_25476955_1576,v_25476955_1576,,5383.2,6528.2,1576.0,,,,BDUL,True
25476955,v_25476955_1575,5.0,5380.0,6532.2,1577.0,-1.0,128.0,1767584972.0,BDUL,False
v_25502365_1577,25502364.0,,3764.85,6982.7,1577.0,,,,BDUR,True
v_25502365_1578,v_25502365_1579,,3764.85,6983.033333333333,1578.0,,,,BDUR,True
v_25476956_1578,25476955.0,,5371.0,6547.2,1578.0,,,,BDUL,True
v_25502365_1579,v_25502365_1578,,3764.85,6983.366666666667,1579.0,,,,BDUR,True
v_25476956_1579,v_25476956_1580,,5368.0,6552.2,1579.0,,,,BDUL,True
25502365,v_25502365_1577,5.0,3764.85,6983.7,1580.0,-1.0,128.0,1767723940.0,BDUR,False
v_25476956_1580,v_25476956_1579,,5365.0,6557.2,1580.0,,,,BDUL,True
v_25502366_1581,25502365.0,,3779.85,7007.7,1581.0,,,,BDUR,True
25476956,v_25476956_1578,5.0,5362.0,6562.2,1581.0,-1.0,128.0,1767584972.0,BDUL,False
25502366,v_25502366_1581,5.0,3784.85,7015.7,1582.0,-1.0,128.0,1767723940.0,BDUR,False
v_25476957_1582,25476956.0,,5329.0,6604.2,1582.0,,,,BDUL,True
v_25554369_1583,25502366.0,,3779.85125,7031.7125,1583.0,,,,BDUR,True
v_25476957_1583,v_25476957_1584,,5318.0,6618.2,1583.0,,,,BDUL,True
v_25476957_1584,v_25476957_1583,,5307.0,6632.2,1584.0,,,,BDUL,True
25554369,v_25554369_1583,5.0,3778.185,7037.05,1584.0,-1.0,128.0,1769708539.0,BDUR,False
25476957,v_25476957_1582,5.0,5296.0,6646.2,1585.0,-1.0,128.0,1767584972.0,BDUL,False
25502367,25554369.0,5.0,3774.85,7047.7,1585.0,-1.0,128.0,1769708539.0,BDUR,False
v_25502368_1586,25502367.0,,3790.45,7068.099999999999,1586.0,,,,BDUR,True
25555491,25476957.0,5.0,5286.0,6646.2,1586.0,-1.0,128.0,1769775620.0,BDUL,False
v_25502368_1587,v_25502368_1587,,3795.65,7074.9,1587.0,,,,BDUR,True
v_25476958_1587,25555491.0,,5271.0,6646.2,1587.0,,,,BDUL,True
25476958,v_25476958_1587,5.0,5266.0,6646.2,1588.0,-1.0,128.0,1769775620.0,BDUL,False
25502368,v_25502368_1586,5.0,3800.85,7081.7,1588.0,-1.0,128.0,1767723940.0,BDUR,False
25476959,25476958.0,5.0,5240.0,6662.2,1589.0,-1.0,128.0,1767584972.0,BDUL,False
25502369,25502368.0,5.0,3822.85,7113.7,1589.0,-1.0,128.0,1767723940.0,BDUR,False
25502370,25502369.0,5.0,3890.85,7127.7,1590.0,-1.0,128.0,1767723940.0,BDUR,False
v_25476960_1590,25476959.0,,5201.0,6687.2,1590.0,,,,BDUL,True
v_25502371_1591,25502370.0,,3918.45,7142.099999999999,1591.0,,,,BDUR,True
v_25476960_1591,v_25476960_1592,,5188.0,6695.533333333333,1591.0,,,,BDUL,True
v_25476960_1592,v_25476960_1591,,5175.0,6703.866666666667,1592.0,,,,BDUL,True
v_25502371_1592,v_25502371_1592,,3927.65,7146.9,1592.0,,,,BDUR,True
25502371,v_25502371_1591,5.0,3936.85,7151.7,1593.0,-1.0,128.0,1767723940.0,BDUR,False
25476960,v_25476960_1590,5.0,5162.0,6712.2,1593.0,-1.0,128.0,1767584972.0,BDUL,False
v_25476961_1594,25476960.0,,5113.0,6732.2,1594.0,,,,BDUL,True
25554367,25502371.0,5.0,3946.85,7148.7,1594.0,-1.0,128.0,1769708511.0,BDUR,False
v_25476961_1595,v_25476961_1596,,5096.666666666667,6738.866666666667,1595.0,,,,BDUL,True
25502372,25554367.0,5.0,3956.85,7145.7,1595.0,-1.0,128.0,1769708511.0,BDUR,False
v_25476961_1596,v_25476961_1595,,5080.333333333333,6745.533333333333,1596.0,,,,BDUL,True
25502373,25502372.0,5.0,4018.85,7133.7,1596.0,-1.0,128.0,1767723940.0,BDUR,False
25476961,v_25476961_1594,5.0,5064.0,6752.2,1597.0,-1.0,128.0,1767584972.0,BDUL,False
25502374,25502373.0,5.0,4062.85,7135.7,1597.0,-1.0,128.0,1767723940.0,BDUR,False
25502375,25502374.0,5.0,4112.85,7165.7,1598.0,-1.0,128.0,1767723940.0,BDUR,False
v_25476962_1598,25476961.0,,5034.0,6747.4,1598.0,,,,BDUL,True
v_25502376_1599,25502375.0,,4112.85,7165.7,1599.0,,,,BDUR,True
v_25476962_1599,v_25476962_1599,,5024.0,6745.8,1599.0,,,,BDUL,True
25476962,v_25476962_1598,5.0,5014.0,6744.2,1600.0,-1.0,128.0,1767584972.0,BDUL,False
v_25502376_1600,v_25502376_1600,,4112.85,7165.7,1600.0,,,,BDUR,True
25476963,25476962.0,5.0,5014.0,6740.2,1601.0,-1.0,128.0,1767584972.0,BDUL,False
25502376,v_25502376_1599,5.0,4112.85,7165.7,1601.0,-1.0,128.0,1767723940.0,BDUR,False
25530727,25476963.0,5.0,4998.0,6733.2,1602.0,-1.0,128.0,1767584972.0,BDUL,False
25502377,25502376.0,5.0,4120.85,7165.7,1602.0,-1.0,128.0,1767723940.0,BDUR,False
25502378,25502377.0,5.0,4080.85,7121.7,1603.0,-1.0,128.0,1767723940.0,BDUR,False
25476964,25530727.0,5.0,4982.0,6726.2,1603.0,-1.0,128.0,1767584972.0,BDUL,False
25502379,25502378.0,5.0,4108.85,7129.7,1604.0,-1.0,128.0,1767723940.0,BDUR,False
v_25476965_1604,25476964.0,,4950.5,6721.7,1604.0,,,,BDUL,True
25502380,25502379.0,5.0,4108.85,7129.7,1605.0,-1.0,128.0,1767723940.0,BDUR,False
25476965,v_25476965_1604,5.0,4940.0,6720.2,1605.0,-1.0,128.0,1767584972.0,BDUL,False
v_25476967_1606,25476965.0,,4938.99875,6719.1875,1606.0,,,,BDUL,True
25502381,25502380.0,5.0,4118.85,7133.7,1606.0,-1.0,128.0,1767723940.0,BDUR,False
25502382,25502381.0,5.0,4150.85,7149.7,1607.0,-1.0,128.0,1767723940.0,BDUR,False
25476967,v_25476967_1606,5.0,4938.665,6718.85,1607.0,-1.0,128.0,1767584972.0,BDUL,False
25476966,25476967.0,5.0,4938.0,6718.2,1608.0,-1.0,128.0,1767584972.0,BDUL,False
25502383,25502382.0,5.0,4158.85,7137.7,1608.0,-1.0,128.0,1767723940.0,BDUR,False
v_25476968_1608,25476967.0,,4941.3325,6714.525,1608.0,,,,BDUL,True
v_25476968_1609,v_25476968_1610,,4942.221666666666,6713.083333333333,1609.0,,,,BDUL,True
25502384,25502383.0,5.0,4168.85,7155.7,1609.0,-1.0,128.0,1767723940.0,BDUR,False
v_25502385_1610,25502384.0,,4176.35,7152.7,1610.0,,,,BDUR,True
v_25476968_1610,v_25476968_1609,,4943.110833333333,6711.641666666666,1610.0,,,,BDUL,True
25476968,v_25476968_1608,5.0,4944.0,6710.2,1611.0,-1.0,128.0,1767584972.0,BDUL,False
25502385,v_25502385_1610,5.0,4178.85,7151.7,1611.0,-1.0,128.0,1767723940.0,BDUR,False
v_25502386_1612,25502385.0,,4199.85,7166.7,1612.0,,,,BDUR,True
v_25476969_1612,25476968.0,,4944.0,6695.8,1612.0,,,,BDUL,True
25502386,v_25502386_1612,5.0,4206.85,7171.7,1613.0,-1.0,128.0,1767723940.0,BDUR,False
v_25476969_1613,v_25476969_1613,,4944.0,6691.0,1613.0,,,,BDUL,True
25476969,v_25476969_1612,5.0,4944.0,6686.2,1614.0,-1.0,128.0,1767584972.0,BDUL,False
25502410,25502386.0,5.0,4226.85,7175.7,1614.0,-1.0,128.0,1767723940.0,BDUR,False
v_25502411_1615,25502410.0,,4243.35,7178.7,1615.0,,,,BDUR,True
v_25476970_1615,25476969.0,,4932.0,6686.2,1615.0,,,,BDUL,True
v_25476970_1616,v_25476970_1616,,4928.0,6686.2,1616.0,,,,BDUL,True
25502411,v_25502411_1615,5.0,4248.85,7179.7,1616.0,-1.0,128.0,1767723940.0,BDUR,False
v_25502412_1617,25502411.0,,4248.85,7179.7,1617.0,,,,BDUR,True
25476970,v_25476970_1615,5.0,4924.0,6686.2,1617.0,-1.0,128.0,1767584972.0,BDUL,False
v_25502412_1618,v_25502412_1618,,4248.85,7179.7,1618.0,,,,BDUR,True
v_25476971_1618,25476970.0,,4912.0,6693.4,1618.0,,,,BDUL,True
25502412,v_25502412_1617,5.0,4248.85,7179.7,1619.0,-1.0,128.0,1767723940.0,BDUR,False
v_25476971_1619,v_25476971_1619,,4908.0,6695.8,1619.0,,,,BDUL,True
25476971,v_25476971_1618,5.0,4904.0,6698.2,1620.0,-1.0,128.0,1767584972.0,BDUL,False
v_25502413_1620,25502412.0,,4248.85,7194.099999999999,1620.0,,,,BDUR,True
v_25502413_1621,v_25502413_1621,,4248.85,7198.9,1621.0,,,,BDUR,True
v_25476972_1621,25476971.0,,4920.8,6705.4,1621.0,,,,BDUL,True
v_25476972_1622,v_25476972_1622,,4926.4,6707.8,1622.0,,,,BDUL,True
25502413,v_25502413_1620,5.0,4248.85,7203.7,1622.0,-1.0,128.0,1767723940.0,BDUR,False
v_25502414_1623,25502413.0,,4248.85,7212.099999999999,1623.0,,,,BDUR,True
25476972,v_25476972_1621,5.0,4932.0,6710.2,1623.0,-1.0,128.0,1767584972.0,BDUL,False
v_25476973_1624,25476972.0,,4932.0,6710.2,1624.0,,,,BDUL,True
v_25502414_1624,v_25502414_1624,,4248.85,7214.9,1624.0,,,,BDUR,True
25502414,v_25502414_1623,5.0,4248.85,7217.7,1625.0,-1.0,128.0,1767723940.0,BDUR,False
25476973,v_25476973_1624,5.0,4932.0,6710.2,1625.0,-1.0,128.0,1767584972.0,BDUL,False
v_25502415_1626,25502414.0,,4248.85,7219.2,1626.0,,,,BDUR,True
25476974,25476973.0,5.0,4944.855,6725.7,1626.0,-1.0,128.0,1767584972.0,BDUL,False
25500164,25476974.0,5.0,4958.855,6751.7,1627.0,-1.0,128.0,1767584972.0,BDUL,False
25502415,v_25502415_1626,5.0,4248.85,7219.7,1627.0,-1.0,128.0,1767723940.0,BDUR,False
25500165,25500164.0,5.0,4962.855,6747.7,1628.0,-1.0,128.0,1767584972.0,BDUL,False
25502416,25502415.0,5.0,4265.85,7225.7,1628.0,-1.0,128.0,1767723940.0,BDUR,False
