z,area,centroid_y,centroid_x,n_components,skeleton_contained,area_ratio,centroid_jump,temporal_iou,pred_iou,flag_count,flag,intervene,logit_conf,queue
1391,2977,378.63184413839434,342.17064158548874,1,True,,,,0.7947461009025574,0,False,False,0.9284086533622729,False
1392,2693,409.4307463795024,368.39361307092463,1,True,0.9046019482700706,40.45017444688361,0.31554524361948955,0.8149848580360413,0,False,False,0.9264349009852046,False
1393,2247,418.45838896306185,375.66266132621274,2,True,0.8343854437430375,11.590400905672025,0.6632996632996633,0.8435150384902954,0,False,False,0.9406005151177973,False
1394,2837,424.96898131829397,374.2918575960522,1,True,1.262572318647085,6.653338686902166,0.5992450456118276,0.8089826703071594,0,False,False,0.931517570740277,False
1395,2892,432.17116182572613,374.7914937759336,1,True,1.019386676066267,7.2194903126108745,0.692966903073286,0.8220474720001221,0,False,False,0.9428062137361654,False
1396,1794,452.25529542920845,377.3221850613155,2,True,0.6203319502074689,20.242944968171887,0.43654199877375843,0.8256882429122925,0,False,False,0.9518930198086853,False
1397,1300,443.36538461538464,381.3776923076923,2,True,0.7246376811594203,9.771266719476865,0.4642688121154756,0.796892523765564,0,False,False,0.9261630971203859,False
1398,2297,436.3151937309534,373.45494122768827,1,True,1.7669230769230768,10.6054314472643,0.4931506849315068,0.8985669016838074,0,False,False,0.9641606110865002,False
1399,5642,542.3445586671393,431.474122651542,1,True,2.456247279059643,120.86542781897947,0.0,0.8823645710945129,2,True,True,0.9646073283028134,True
1400,13282,600.7978467098328,493.80974250865836,10,True,2.3541297412265156,85.45476221939312,0.21253283782917923,0.7584540247917175,2,True,True,0.8907568239336868,True
1401,12170,607.478553820871,499.1232539030403,8,True,0.9162776690257491,8.536114504954941,0.7444825222755311,0.6553865075111389,0,False,False,0.9017322286824296,False
1402,15920,731.769472361809,641.3964824120603,19,True,1.3081347576006574,188.9177174913193,0.04141178215252289,0.3049146234989166,1,True,True,0.8570580788937177,False
1403,14396,754.8755904417894,661.6619199777716,3,True,0.9042713567839196,30.734030852716685,0.604445620534533,0.6416969895362854,0,False,False,0.8613141465988143,False
1404,17105,768.9676702718504,693.5660333235896,5,True,1.1881772714642957,34.87777461822376,0.6409334791894566,0.9042344093322754,0,False,False,0.9026581137318112,False
1405,2443,781.1960704052394,691.713057715923,9,True,0.14282373574978077,12.367994519115756,0.14282373574978077,0.3978188931941986,2,True,True,0.8504558040679534,True
1406,9683,819.6316224310648,814.8814417019519,3,True,3.9635693819074906,129.02613097066725,0.0,0.7834441065788269,2,True,True,0.9196392390991697,True
1407,13450,834.1538289962825,859.0828996282528,1,True,1.3890323246927605,46.525942938681034,0.3962457749879285,0.9349787831306458,0,False,False,0.9500991419297329,False
1408,12960,846.6578703703703,877.2606481481481,1,True,0.9635687732342008,22.063127428754438,0.6226345539444581,0.9092356562614441,0,False,False,0.9407259312495634,False
1409,15276,864.3941476826394,901.7039146373396,3,True,1.1787037037037038,30.200145853279295,0.6093473924194928,0.7997400760650635,0,False,False,0.9190984578955107,False
